Finnkode,car_name,Price,Specifications,Equipment
341120448,Suzuki Grand Vitara,69900,NULL,NULL
341120563,Suzuki SX4 S-Cross,254900,NULL,NULL
341121755,Toyota RAV4,104305,"{""Modell\u00e5r"": ""2014"", ""Kilometer"": ""253 871 km"", ""Girkasse"": ""Manuell"", ""Drivstoff"": ""Diesel""}","[""ABS-bremser"", ""Airbag foran"", ""Airbag side"", ""Aircondition"", ""Antispinn"", ""Diesel-partikkelfilter"", ""Differensialsperre"", ""Elektriske vinduer"", ""Hengerfeste"", ""Isofix"", ""Klimaanlegg"", ""Lasteholdere/skistativ"", ""Lettmet. felg sommer"", ""Lettmet. felg vinter"", ""Midtarmlene"", ""Multifunksjonsratt"", ""Sommerdekk"", ""Startsperre"", ""Takrails"", ""Vinterdekk""]"
341121762,Peugeot Partner,179000,"{""Modell\u00e5r"": ""2019"", ""Kilometer"": ""30 203 km"", ""Girkasse"": ""Manuell"", ""Drivstoff"": ""Diesel""}","[""1350 kg"", ""3-seter"", ""Antispinn (TCS)"", ""Bluetooth"", ""Bluetooth: telefon"", ""DAB"", ""Fartsholder (Cruise control)"", ""Innredning i varerom"", ""Kj\u00f8recomputer"", ""Parkeringssensorer"", ""Sentrall\u00e5s"", ""Skyved\u00f8rer p\u00e5 begge sider"", ""Sommerhjul"", ""Tilhengerfeste"", ""Topphengslet bakluke"", ""Vinterhjul""]"
341121522,Opel Astra,144800,"{""Modell\u00e5r"": ""2017"", ""Kilometer"": ""94 300 km"", ""Girkasse"": ""Manuell"", ""Drivstoff"": ""Diesel""}","[""AEB/lav hastighet"", ""AUX-tilkobling"", ""Aktive hodest\u00f8tter foran"", ""Antispinn"", ""Automatisk tenning hovedlys"", ""Avstandsf\u00f8lere foran og bak"", ""Bakkestartassistent"", ""Bakluke, elektrisk \u00e5pning"", ""Bakseter, delt"", ""Bakseter, nedfellbart"", ""DAB-radio"", ""Dekktrykksoverv\u00e5ker"", ""Ekstravarmer, kj\u00f8revarmer"", ""Elektrisk soltak"", ""Fartsholder med fartsbegrenser"", ""Felger, aluminium"", ""Filskiftvarsler"", ""Frontlys, h\u00f8ydejusterbare"", ""F\u00f8rersete h\u00f8ydejusterbart"", ""F\u00f8rersete korsryggjustering"", ""H\u00f8yttalere, antall: 6"", ""Isofix barnesetefesting"", ""Kj\u00f8rekomputer"", ""Kj\u00f8ret\u00f8ylokalisering"", ""Klimaanlegg, antall soner: 2"", ""Klimaanlegg, automatisk"", ""Kollisjonsputer, antall: 6"", ""Kollisjonsvarsler"", ""LED kj\u00f8relys"", ""Lakkerte st\u00f8tfangere"", ""Lakkerte utvendige speil"", ""Midtarmlene bak"", ""Midtarmlene foran"", ""Mobiltelefoni, Bluetooth"", ""Multifunksjonsratt"", ""M\u00f8rke ruter (Privacy)"", ""Navigasjonssystem"", ""N\u00f8doppringning/eCall"", ""N\u00f8kler, antall: 2"", ""Oppvarmede seter foran, ant.: 2"", ""Piggfrie vinterhjul p\u00e5 alu."", ""Pollenfilter"", ""Ratt, h\u00f8ydejusterbart"", ""Ratt, lengdejusterbart"", ""Ratt, oppvarmet"", ""Ratt, skinn"", ""Regnsensor"", ""Ruter, tonede"", ""Ryggekamera"", ""Seter, helskinn"", ""Seter, sport"", ""Sommerhjul"", ""Speil, elektrisk"", ""Speil, oppvarmet"", ""Stabilitetssystem, antiskrens"", ""Tilhengerstabilitetssystem"", ""Trafikkskiltleser"", ""USB-tilkobling"", ""Utkobling av h\u00f8yre kollisjonspute"", ""Vindusheiser elektriske foran og bak"", ""Vinterhjul""]"
341121523,Mitsubishi Outlander,269900,"{""Modell\u00e5r"": ""2017"", ""Kilometer"": ""107 000 km"", ""Girkasse"": ""Automat"", ""Drivstoff"": ""El + Bensin""}","[""Android Auto"", ""Antispinn (TCS)"", ""App-Connect"", ""Apple CarPlay"", ""Blokkeringsfritt bremsesystem (ABS)"", ""Bluetooth"", ""Bryter for utkobling av kollisjonspute"", ""Elektrisk bremseassistent (BA/EBA)"", ""Fartsholder (Cruise control)"", ""Frontkollisjonspute"", ""Frontkollisjonspute: passasjer"", ""Frontkollisjonspute: sj\u00e5f\u00f8r"", ""Hovedskjerm"", ""Hovedskjerm: touchscreen"", ""Isofix: bak"", ""Kj\u00f8recomputer"", ""Medieinnganger: USB"", ""N\u00f8kkelfri (Keyless) \u00e5pning"", ""N\u00f8kkell\u00f8s (Keyless) start"", ""Regnsensorer"", ""Sentrall\u00e5s"", ""Sidekollisjonspute (bryst)"", ""Sotede ruter"", ""Tyverialarm""]"
340214271,Hyundai Tucson,2845,"{""Modell\u00e5r"": ""2005"", ""Kilometer"": ""265 000 km"", ""Girkasse"": ""Automat"", ""Drivstoff"": ""Diesel""}",[]
313246835,Opel Combo,4686,"{""Modell\u00e5r"": ""2009"", ""Kilometer"": ""165 000 km"", ""Girkasse"": ""Manuell"", ""Drivstoff"": ""Diesel""}","[""ABS-bremser"", ""Hengerfeste""]"
306287400,Toyota Avensis,4999,"{""Modell\u00e5r"": ""1999"", ""Kilometer"": ""235 098 km"", ""Girkasse"": ""Manuell"", ""Drivstoff"": ""Bensin""}",[]
302794306,Mercedes-Benz C-Klasse,4999,"{""Modell\u00e5r"": ""2000"", ""Kilometer"": ""199 800 km"", ""Girkasse"": ""Automat"", ""Drivstoff"": ""Bensin""}",[]
295851273,Audi A6,1777,"{""Modell\u00e5r"": ""2003"", ""Girkasse"": ""Manuell"", ""Drivstoff"": ""Diesel""}",[]
269429344,Peugeot 607,1729,"{""Modell\u00e5r"": ""2006"", ""Kilometer"": ""208 000 km"", ""Girkasse"": ""Automat"", ""Drivstoff"": ""Bensin""}","[""Her er det mye bra. Starter og g\u00e5r godt."", ""Komplett Peugot 607 selges i deler. Grunnet rust i bunn."", ""PS MOTOR OG  GEAR SOLGT  speil og noen sm\u00e5ting"", ""Ta kontakt hvis du trenger deler til en 607.""]"
191932657,Nissan Maxima,1729,"{""Modell\u00e5r"": ""2002"", ""Kilometer"": ""422 000 km"", ""Girkasse"": ""Automat"", ""Drivstoff"": ""Bensin""}","[""ABS-bremser"", ""Beltevarsler"", ""Delskinn"", ""El.vinduer"", ""Lettmet. felg sommer"", ""Radio FM"", ""Sentrall\u00e5s""]"
190912497,Nissan X-Trail,1707,"{""Modell\u00e5r"": ""2004"", ""Kilometer"": ""180 000 km"", ""Girkasse"": ""Automat"", ""Drivstoff"": ""Bensin""}","[""ABS-bremser"", ""Airbag foran"", ""Beltevarsler"", ""El.vinduer"", ""Elektriske speil"", ""Farget glass"", ""Fjernstyrt sentrall\u00e5s"", ""Hel\u00e5rsdekk"", ""Lettmet. felg vinter"", ""Oppvarmede speil"", ""Radio FM"", ""Regulerbart ratt"", ""Servostyring"", ""Seter nedfellbare bak"", ""Skinninteri\u00f8r"", ""Skinnseter"", ""fine skjnnseter el""]"
142486773,Peugeot 1007,3118,"{""Modell\u00e5r"": ""2007"", ""Kilometer"": ""139 000 km"", ""Girkasse"": ""Manuell"", ""Drivstoff"": ""Bensin""}","[""ABS-bremser"", ""Airbag foran"", ""Bagasjeromstrekk / hattehylle""]"
340845032,Volvo XC 60,9499,"{""Modell\u00e5r"": ""2023"", ""Kilometer"": ""3 643 km"", ""Girkasse"": ""Automat"", ""Drivstoff"": ""El + Bensin""}","[""AEB/fotgjenger"", ""AEB/lav hastighet"", ""Aktive hodest\u00f8tter foran"", ""Alarm, fabrikkmontert"", ""Antispinn"", ""Automatisk fjernlysdimmer"", ""Automatisk kollisjonsbrems"", ""Automatisk tenning hovedlys"", ""Avstandsf\u00f8lere foran og bak"", ""Bakkenedkj\u00f8ringsassistent"", ""Bakkestartassistent"", ""Bakluke, elektrisk \u00e5pning"", ""Bakseter, delt"", ""Bakseter, nedfellbart"", ""Bakseter, oppvarmet"", ""DAB-radio"", ""Dekktrykksoverv\u00e5ker"", ""Dynamisk lysspredning hovedlys"", ""Ekstravarmer, kj\u00f8revarmer"", ""Elektrisk seteregulering foran"", ""Elektrisk soltak"", ""Fartsholder, dynamisk"", ""Felger, aluminium"", ""Filskiftvarsler"", ""Filskiftvarsler dynamisk"", ""Frontlys, h\u00f8ydejusterbare"", ""F\u00f8rersete h\u00f8ydejusterbart"", ""F\u00f8rersete korsryggjustering"", ""H\u00f8yttalere, antall: 11"", ""Innfellbare speil, elektrisk"", ""Internettilkobling"", ""Isofix barnesetefesting"", ""Kj\u00f8rekomputer"", ""Kj\u00f8ret\u00f8ylokalisering"", ""Klimaanlegg, antall soner: 2"", ""Klimaanlegg, automatisk"", ""Kollisjonsputer, antall: 7"", ""Kollisjonsvarsler"", ""LED hovedlys"", ""LED kj\u00f8relys"", ""Ladekabel"", ""Lakkerte st\u00f8tfangere"", ""Lakkerte utvendige speil"", ""Lyktespylere"", ""Midtarmlene bak"", ""Midtarmlene foran"", ""Mobiltelefon m/stemmestyring"", ""Mobiltelefoni, Bluetooth"", ""Mobiltelefonspeiling"", ""Multifunksjonsratt"", ""Navigasjonssystem"", ""N\u00f8doppringning/eCall"", ""N\u00f8kkelfri l\u00e5s/start"", ""N\u00f8kler, antall: 2"", ""Oppvarmede seter foran, ant.: 2"", ""Panorama glasstak"", ""Parkeringsvarmer m/fjernstyring"", ""Pollenfilter"", ""Ratt, h\u00f8ydejusterbart"", ""Ratt, lengdejusterbart"", ""Ratt, skinn"", ""Regnsensor"", ""Reservehjul"", ""Ruter, tonede"", ""Seter, helskinn"", ""Seter, komfort"", ""Sommerhjul"", ""Speil, elektrisk"", ""Speil, oppvarmet"", ""Stabilitetssystem, antiskrens"", ""Trafikkskiltleser"", ""Tretthetsvarsler"", ""USB-tilkobling"", ""Utforkj\u00f8ringsbeskytter"", ""Utkobling av h\u00f8yre kollisjonspute"", ""Vindusheiser elektriske foran og bak"", ""Vinterhjul""]"
340246155,Hyundai Getz,8900,"{""Modell\u00e5r"": ""2008"", ""Kilometer"": ""146 000 km"", ""Girkasse"": ""Manuell"", ""Drivstoff"": ""Bensin""}","[""Airbag foran"", ""Antiskrens"", ""Antispinn"", ""Beltevarsler"", ""CD-spiller"", ""El.vinduer"", ""Elektrisk soltak"", ""Kj\u00f8recomputer"", ""Lakkerte utvendige speil"", ""Manuelt klimaanlegg"", ""Metallic lakk"", ""N\u00f8dbremseforsterker"", ""Radio FM"", ""Regulerbart ratt"", ""Sentrall\u00e5s"", ""Skinnratt"", ""Sommerdekk"", ""Startsperre"", ""Takluke"", ""Turteller"", ""Vinterdekk""]"
339472197,Mercedes-Benz C-Klasse,7000,"{""Modell\u00e5r"": ""2001"", ""Kilometer"": ""315 432 km"", ""Girkasse"": ""Automat"", ""Drivstoff"": ""Bensin""}","[""ABS-bremser"", ""Airbag foran"", ""Alarm"", ""Antiskrens"", ""Antispinn"", ""Beltevarsler"", ""CD-spiller"", ""El.vinduer"", ""Elektriske speil"", ""Fabrikkmontert alarm"", ""Fjernstyrt sentrall\u00e5s"", ""Hengerfeste"", ""Klimaanlegg"", ""Lettmet. felg vinter"", ""Manuelt klimaanlegg"", ""Midtarmlene"", ""Oppvarmede speil"", ""Pollenfilter"", ""Radio FM"", ""Regulerbart ratt"", ""Sentrall\u00e5s"", ""Servostyring"", ""Skinninteri\u00f8r"", ""Skinnratt"", ""Startsperre"", ""T\u00e5kelys"", ""Vinterdekk""]"
338637053,Ford Mondeo,9900,"{""Modell\u00e5r"": ""2008"", ""Kilometer"": ""187 500 km"", ""Girkasse"": ""Manuell"", ""Drivstoff"": ""Diesel""}","[""Lettmet. felg vinter"", ""Takrails"", ""Vinterdekk""]"
338628534,Citroen C5,10000,"{""Modell\u00e5r"": ""2002"", ""Kilometer"": ""295 000 km"", ""Girkasse"": ""Manuell"", ""Drivstoff"": ""Bensin""}","[""Airbag foran"", ""Beltevarsler"", ""El.vinduer"", ""Elektriske speil""]"
338516257,Audi A4,9900,"{""Modell\u00e5r"": ""2002"", ""Kilometer"": ""261 938 km"", ""Girkasse"": ""Manuell"", ""Drivstoff"": ""Diesel""}","[""ABS-bremser"", ""Airbag foran side"", ""Airbag gardiner"", ""Antiskrens"", ""Antispinn"", ""Bagasjeromstrekk / hattehylle"", ""Beltevarsler"", ""CD-spiller"", ""El.vinduer"", ""Elektriske speil"", ""Farget glass"", ""Hengerfeste"", ""Interi\u00f8r sport"", ""Kj\u00f8recomputer"", ""Klimaanlegg 2-soner"", ""Lettmet. felg sommer"", ""Lettmet. felg vinter"", ""Midtarmlene"", ""Oppvarmede seter"", ""Radio FM"", ""Regulerbart ratt"", ""Sentrall\u00e5s"", ""Servostyring"", ""Skinnratt"", ""Sommerdekk"", ""Startsperre"", ""St\u00e5lbjelker"", ""Takrails"", ""T\u00e5kelys"", ""Vinterdekk"", ""Xenonlys""]"
336590906,Volkswagen Touran,9990,"{""Modell\u00e5r"": ""2006"", ""Kilometer"": ""315 281 km"", ""Girkasse"": ""Manuell"", ""Drivstoff"": ""Diesel""}","[""ABS-bremser"", ""Airbag foran"", ""Cruisekontroll"", ""El.vinduer"", ""Elektriske speil"", ""Fjernstyrt sentrall\u00e5s"", ""Klimaanlegg 2-soner"", ""Klimaanlegg bak"", ""Multifunksjonsratt"", ""Radio FM"", ""Sentrall\u00e5s"", ""Servostyring"", ""Startsperre"", ""Turteller""]"
336089228,Mercedes-Benz E-Klasse,10000,"{""Modell\u00e5r"": ""1982"", ""Kilometer"": ""550 000 km"", ""Girkasse"": ""Manuell"", ""Drivstoff"": ""Bensin""}",[]
328873302,Smart Forfour,10000,"{""Modell\u00e5r"": ""2005"", ""Kilometer"": ""208 000 km"", ""Girkasse"": ""Manuell"", ""Drivstoff"": ""Bensin""}","[""ABS-bremser"", ""Airbag foran"", ""Airbag foran side"", ""Antiskrens"", ""CD-spiller"", ""El.vinduer"", ""Fjernstyrt sentrall\u00e5s"", ""Manuelt klimaanlegg"", ""Metallic lakk"", ""Oppvarmede seter"", ""Radio FM"", ""Regulerbart ratt"", ""Sentrall\u00e5s"", ""Servostyring"", ""Seter nedfellbare bak"", ""Skinnratt"", ""Sommerdekk"", ""Startsperre"", ""Turteller"", ""T\u00e5kelys"", ""Vinterdekk""]"
326581266,Hyundai Getz,6999,"{""Modell\u00e5r"": ""2006"", ""Kilometer"": ""84 468 km"", ""Girkasse"": ""Manuell"", ""Drivstoff"": ""Bensin""}",[]
326163471,Volkswagen Touran,9999,"{""Modell\u00e5r"": ""2007"", ""Kilometer"": ""235 774 km"", ""Girkasse"": ""Manuell"", ""Drivstoff"": ""Diesel""}",[]
325586826,Peugeot Partner,6186,"{""Modell\u00e5r"": ""2006"", ""Kilometer"": ""186 000 km"", ""Girkasse"": ""Manuell"", ""Drivstoff"": ""Diesel""}","[""El.vinduer"", ""Hengerfeste, fast krok"", ""Kj\u00f8recomputer"", ""Radio FM"", ""Sommerhjul"", ""Vinterhjul""]"
323307060,Volvo S80,9900,"{""Modell\u00e5r"": ""2002"", ""Kilometer"": ""345 000 km"", ""Girkasse"": ""Manuell"", ""Drivstoff"": ""Bensin""}","[""Hengerfeste""]"
322624064,Toyota Corolla,9999,"{""Modell\u00e5r"": ""2006"", ""Kilometer"": ""282 999 km"", ""Girkasse"": ""Manuell"", ""Drivstoff"": ""Diesel""}",[]
317512983,Renault Kangoo,7186,"{""Modell\u00e5r"": ""2003"", ""Kilometer"": ""195 000 km"", ""Girkasse"": ""Manuell"", ""Drivstoff"": ""Diesel""}",[]
312416240,Volkswagen Touran,9800,"{""Modell\u00e5r"": ""2003"", ""Kilometer"": ""302 969 km"", ""Girkasse"": ""Manuell"", ""Drivstoff"": ""Diesel""}","[""Hengerfeste"", ""Sommerdekk""]"
308096688,Opel Corsa,6999,"{""Modell\u00e5r"": ""2008"", ""Kilometer"": ""141 519 km"", ""Girkasse"": ""Manuell"", ""Drivstoff"": ""Diesel""}",[]
306412306,Volkswagen Touran,9999,"{""Modell\u00e5r"": ""2006"", ""Kilometer"": ""199 908 km"", ""Girkasse"": ""Manuell"", ""Drivstoff"": ""Diesel""}",[]
299261308,Suzuki Grand Vitara,10000,"{""Modell\u00e5r"": ""2001"", ""Kilometer"": ""220 000 km"", ""Girkasse"": ""Automat"", ""Drivstoff"": ""Diesel""}",[]
295670731,Volkswagen Touran,9999,"{""Modell\u00e5r"": ""2008"", ""Kilometer"": ""248 000 km"", ""Girkasse"": ""Manuell"", ""Drivstoff"": ""Diesel""}","[""ABS-bremser"", ""AUX-inngang"", ""Air Condition"", ""Airbag foran"", ""Antiskrens"", ""Antispinn"", ""CD-spiller"", ""Cruisekontroll"", ""Diesel-partikkelfilter"", ""El.vinduer"", ""Elektriske speil"", ""Hengerfeste, fast krok"", ""Isofix"", ""Klimaanlegg"", ""Lettmet. felg sommer"", ""Lettmet. felg vinter"", ""Metallic lakk"", ""M\u00f8rke ruter bak"", ""Oppvarmede seter"", ""Sentrall\u00e5s"", ""Servostyring"", ""Sideairbager"", ""Sommerhjul"", ""Takrails"", ""Vinterhjul""]"
293419507,Volkswagen Polo,6777,"{""Modell\u00e5r"": ""2007"", ""Kilometer"": ""350 000 km"", ""Girkasse"": ""Manuell"", ""Drivstoff"": ""Diesel""}","[""ABS-bremser"", ""Airbag foran"", ""Diesel-partikkelfilter"", ""El.vinduer"", ""Metallic lakk"", ""Radio FM"", ""Servostyring"", ""Startsperre"", ""Vinterhjul""]"
340998188,Volkswagen Touran,11231,"{""Modell\u00e5r"": ""2006"", ""Kilometer"": ""214 000 km"", ""Girkasse"": ""Automat"", ""Drivstoff"": ""Diesel""}","[""ABS-bremser"", ""Air Condition"", ""Airbag foran"", ""El.vinduer"", ""Elektriske speil"", ""Hengerfeste, fast krok"", ""Lasteholdere/skistativ"", ""Radio DAB+"", ""Radio FM"", ""Servostyring"", ""Sommerhjul"", ""Vinterhjul""]"
340900791,Ford Mondeo,13845,"{""Modell\u00e5r"": ""2007"", ""Kilometer"": ""299 999 km"", ""Girkasse"": ""Manuell"", ""Drivstoff"": ""Diesel""}","[""ABS-bremser"", ""AUX tilkobling"", ""Airbag foran"", ""Alarm"", ""Antiskrens"", ""Antispinn"", ""Beltevarsler"", ""CD-spiller"", ""Diesel-partikkelfilter"", ""El.vinduer"", ""Elektriske speil"", ""Fabrikkmontert alarm"", ""Fjernstyrt sentrall\u00e5s"", ""Kj\u00f8recomputer"", ""Klimaanlegg"", ""Lettmet. felg sommer"", ""Lettmet. felg vinter"", ""Manuelt klimaanlegg"", ""Midtarmlene"", ""Multifunksjonsratt"", ""Oppvarmede seter"", ""Radio FM"", ""Sentrall\u00e5s"", ""Servostyring"", ""Skinnratt"", ""Sommerdekk"", ""Startsperre"", ""Takrails"", ""T\u00e5kelys"", ""Vinterdekk""]"
340887706,Hyundai i30,11845,"{""Modell\u00e5r"": ""2008"", ""Kilometer"": ""255 000 km"", ""Girkasse"": ""Manuell"", ""Drivstoff"": ""Diesel""}","[""Diesel-partikkelfilter"", ""Hengerfeste"", ""Sommerdekk"", ""Vinterdekk""]"
340417958,Citroen Berlingo,13000,"{""Modell\u00e5r"": ""2010"", ""Kilometer"": ""282 000 km"", ""Girkasse"": ""Manuell"", ""Drivstoff"": ""Diesel""}",[]
340843847,Opel Vectra,14900,"{""Modell\u00e5r"": ""2003"", ""Kilometer"": ""263 700 km"", ""Girkasse"": ""Manuell"", ""Drivstoff"": ""Bensin""}","[""ABS-bremser"", ""Airbag foran"", ""Antiskrens"", ""Antispinn"", ""Bagasjeromstrekk / hattehylle"", ""Fjernstyrt sentrall\u00e5s"", ""Hel\u00e5rsdekk"", ""Hengerfeste"", ""Metallic lakk"", ""Multifunksjonsratt"", ""Radio FM"", ""Servostyring""]"
340572987,Ford Ka,14900,"{""Modell\u00e5r"": ""2010"", ""Kilometer"": ""143 900 km"", ""Girkasse"": ""Manuell"", ""Drivstoff"": ""Bensin""}","[""ABS-bremser"", ""AUX-inngang"", ""Air Condition"", ""Bagasjeromstrekk"", ""Bluetooth"", ""CD-spiller"", ""El.vinduer"", ""Kj\u00f8recomputer"", ""Oppvarmede seter"", ""Radio DAB+"", ""Radio FM"", ""Sentrall\u00e5s"", ""Servostyring"", ""Sommerhjul"", ""Vinterhjul""]"
340545801,Subaru Impreza,15000,"{""Modell\u00e5r"": ""2007"", ""Kilometer"": ""146 300 km"", ""Girkasse"": ""Manuell"", ""Drivstoff"": ""Bensin""}","[""Bagasjeromstrekk"", ""El.vinduer"", ""Elektriske speil"", ""Isofix"", ""Klimaanlegg"", ""Lasteholdere/skistativ"", ""Lettmet. felg sommer"", ""Lettmet. felg vinter"", ""Motorvarmer"", ""Oppvarmede seter"", ""Servostyring"", ""Sommerhjul"", ""Vinterhjul""]"
340344685,Ford Fiesta,13845,"{""Modell\u00e5r"": ""2005"", ""Kilometer"": ""78 853 km"", ""Girkasse"": ""Manuell"", ""Drivstoff"": ""Bensin""}","[""El.vinduer"", ""Sommerhjul"", ""Vinterhjul""]"
340332504,Honda Civic,12500,"{""Modell\u00e5r"": ""2005"", ""Kilometer"": ""213 900 km"", ""Girkasse"": ""Manuell"", ""Drivstoff"": ""Bensin""}","[""ABS-bremser"", ""Airbag foran"", ""CD-spiller"", ""Hel\u00e5rsdekk"", ""Hengerfeste"", ""Kj\u00f8recomputer"", ""Klimaanlegg"", ""Metallic lakk"", ""Radio FM"", ""Sentrall\u00e5s""]"
340217345,Ford Focus,12000,"{""Modell\u00e5r"": ""2006"", ""Kilometer"": ""275 000 km"", ""Girkasse"": ""Manuell"", ""Drivstoff"": ""Bensin""}","[""ABS-bremser"", ""Airbag bak side"", ""Airbag foran"", ""Alarm"", ""Antiskrens"", ""Antispinn"", ""Elektriske speil"", ""Fjernstyrt sentrall\u00e5s"", ""Hengerfeste"", ""Kj\u00f8recomputer"", ""Klimaanlegg"", ""Metallic lakk"", ""Midtarmlene"", ""Oppvarmet frontrute"", ""Radio FM"", ""Regulerbart ratt"", ""Sentrall\u00e5s"", ""Servostyring"", ""Seter nedfellbare bak"", ""Skinnratt"", ""Sommerdekk"", ""Turteller"", ""T\u00e5kelys"", ""Vinterdekk""]"
340070645,Volkswagen Golf,12000,"{""Modell\u00e5r"": ""2008"", ""Kilometer"": ""214 600 km"", ""Girkasse"": ""Manuell"", ""Drivstoff"": ""Diesel""}","[""Diesel-partikkelfilter""]"
339707221,Toyota Yaris,12990,"{""Modell\u00e5r"": ""2005"", ""Kilometer"": ""200 280 km"", ""Girkasse"": ""Manuell"", ""Drivstoff"": ""Bensin""}",[]
339445237,Volkswagen Golf,14900,"{""Modell\u00e5r"": ""2004"", ""Kilometer"": ""181 000 km"", ""Girkasse"": ""Manuell"", ""Drivstoff"": ""Diesel""}",[]
339325528,Mazda 6,11845,"{""Modell\u00e5r"": ""2008"", ""Kilometer"": ""228 000 km"", ""Girkasse"": ""Manuell"", ""Drivstoff"": ""Diesel""}","[""ABS-bremser"", ""AUX tilkobling"", ""Airbag foran"", ""Airbag foran side"", ""Bagasjeromstrekk / hattehylle"", ""Beltevarsler"", ""CD-spiller"", ""Diesel-partikkelfilter"", ""El.vinduer"", ""Hengerfeste"", ""Isofix"", ""Klimaanlegg 2-soner"", ""Lettmet. felg sommer"", ""Lettmet. felg vinter"", ""Multifunksjonsratt"", ""Radio FM"", ""Sentrall\u00e5s"", ""Servostyring"", ""Seter nedfellbare bak"", ""Sommerdekk"", ""Startsperre"", ""Vinterdekk""]"
339218905,Nissan Qashqai,15000,"{""Modell\u00e5r"": ""2007"", ""Kilometer"": ""240 000 km"", ""Girkasse"": ""Manuell"", ""Drivstoff"": ""Diesel""}","[""ABS-bremser"", ""AUX-inngang"", ""Air Condition"", ""Airbag foran"", ""Alarm"", ""Antiskrens"", ""Antispinn"", ""CD-spiller"", ""Cruisekontroll"", ""Diesel-partikkelfilter"", ""El.vinduer"", ""Elektriske speil"", ""Kj\u00f8recomputer"", ""Lettmet. felg sommer"", ""Lettmet. felg vinter"", ""Lyssensor"", ""Metallic lakk"", ""Midtarmlene"", ""Multifunksjonsratt"", ""Radio FM"", ""Regnsensor"", ""Sentrall\u00e5s"", ""Servostyring"", ""Sideairbager"", ""Soltak/glasstak"", ""Sommerhjul"", ""Startsperre"", ""Takrails"", ""Vinterhjul""]"
339186258,Ford Transit Connect,11231,"{""Modell\u00e5r"": ""2006"", ""Kilometer"": ""212 000 km"", ""Girkasse"": ""Manuell"", ""Drivstoff"": ""Diesel""}","[""Elektriske speil"", ""Hengerfeste, fast krok"", ""Metallic lakk"", ""Oppvarmede seter"", ""Sentrall\u00e5s"", ""Servostyring"", ""Sommerhjul"", ""St\u00e5lbjelker""]"
339173613,Skoda Fabia,14900,"{""Modell\u00e5r"": ""2008"", ""Kilometer"": ""201 600 km"", ""Girkasse"": ""Manuell"", ""Drivstoff"": ""Bensin""}","[""ABS-bremser"", ""Airbag foran"", ""CD-spiller"", ""El.vinduer"", ""Elektriske speil"", ""Isofix"", ""Kj\u00f8recomputer"", ""Klimaanlegg"", ""Metallic lakk"", ""Oppvarmede seter"", ""Radio FM"", ""Sentrall\u00e5s"", ""Sommerdekk"", ""Vinterdekk""]"
338668549,Volkswagen Golf,13845,"{""Modell\u00e5r"": ""1998"", ""Kilometer"": ""334 000 km"", ""Girkasse"": ""Automat"", ""Drivstoff"": ""Diesel""}",[]
338628651,Citroen Jumpy,15000,"{""Modell\u00e5r"": ""2011"", ""Kilometer"": ""192 000 km"", ""Girkasse"": ""Manuell"", ""Drivstoff"": ""Diesel""}","[""ABS-bremser"", ""Airbag foran"", ""Antiskrens"", ""Antispinn"", ""Beltevarsler"", ""Diesel-partikkelfilter"", ""El.vinduer"", ""Elektriske speil"", ""Fjernstyrt sentrall\u00e5s"", ""Hengerfeste"", ""Klimaanlegg"", ""Lasteholdere/skistativ"", ""Lettmet. felg sommer"", ""Manuelt klimaanlegg"", ""Oppvarmede seter"", ""Regulerbart ratt"", ""Servostyring"", ""Sommerdekk"", ""Speil innfellbare"", ""Takrails"", ""T\u00e5kelys"", ""Vinterdekk""]"
338499955,Toyota Yaris Verso,12000,"{""Modell\u00e5r"": ""2002"", ""Kilometer"": ""209 876 km"", ""Girkasse"": ""Manuell"", ""Drivstoff"": ""Bensin""}",[]
338487126,Skoda Fabia,12000,"{""Modell\u00e5r"": ""2008"", ""Kilometer"": ""212 421 km"", ""Girkasse"": ""Manuell"", ""Drivstoff"": ""Diesel""}","[""ABS-bremser"", ""AUX-inngang"", ""Airbag foran"", ""Antiskrens"", ""Antispinn"", ""Bagasjeromstrekk"", ""CD-spiller"", ""El.vinduer"", ""Elektriske speil"", ""Hengerfeste, avtagbart/svingbart"", ""Isofix"", ""Lettmet. felg sommer"", ""Lettmet. felg vinter"", ""Midtarmlene"", ""Motorvarmer"", ""Oppvarmede seter"", ""Radio FM"", ""Sentrall\u00e5s"", ""Servostyring"", ""Sommerhjul"", ""Vinterhjul"", ""Xenonlys""]"
338409566,Opel Vectra,11880,"{""Modell\u00e5r"": ""2003"", ""Kilometer"": ""139 900 km"", ""Girkasse"": ""Manuell"", ""Drivstoff"": ""Bensin""}","[""ABS-bremser"", ""AUX-inngang"", ""Air Condition"", ""Airbag foran"", ""Antispinn"", ""CD-spiller"", ""Cruisekontroll"", ""El.vinduer"", ""Elektriske speil"", ""Hel\u00e5rsdekk"", ""Isofix"", ""Kj\u00f8recomputer"", ""Klimaanlegg"", ""Metallic lakk"", ""Oppvarmede seter"", ""Sentrall\u00e5s"", ""Servostyring"", ""Sommerhjul"", ""Vinterhjul""]"
335952689,Volvo S80,12345,"{""Modell\u00e5r"": ""2003"", ""Kilometer"": ""246 000 km"", ""Girkasse"": ""Automat"", ""Drivstoff"": ""Bensin""}","[""ABS-bremser"", ""Air Condition"", ""Airbag foran"", ""El.vinduer"", ""Elektriske speil"", ""Hengerfeste, avtagbart/svingbart"", ""Lettmet. felg vinter"", ""Metallic lakk"", ""Sentrall\u00e5s"", ""Servostyring"", ""Seter i helskinn"", ""Vinterhjul""]"
337370327,Toyota Aygo,13000,"{""Modell\u00e5r"": ""2010"", ""Kilometer"": ""273 000 km"", ""Girkasse"": ""Manuell"", ""Drivstoff"": ""Bensin""}",[]
337200969,Ford S-MAX,15000,"{""Modell\u00e5r"": ""2008"", ""Kilometer"": ""218 000 km"", ""Girkasse"": ""Manuell"", ""Drivstoff"": ""Diesel""}","[""7-Seter"", ""ABS"", ""Airbags"", ""Aircondition"", ""Antispinn"", ""EL.Sete"", ""EL.Speil"", ""El.Ruter"", ""Hel\u00e5rs"", ""Hengerfeste"", ""Klima"", ""Midtarmlene"", ""Oppv. Frontrute"", ""Oppv.Seter"", ""Park.Sensor"", ""Radio DAB+"", ""Sentrall\u00e5s"", ""Servo"", ""Stereo"", ""Teleskopratt"", ""Tiltratt""]"
335892487,Volvo V70,14845,"{""Modell\u00e5r"": ""2003"", ""Kilometer"": ""335 000 km"", ""Girkasse"": ""Manuell"", ""Drivstoff"": ""Bensin""}","[""ABS-bremser"", ""Airbag foran"", ""El.vinduer"", ""Elektriske speil"", ""Hengerfeste, fast krok"", ""Isofix"", ""Lettmet. felg sommer"", ""Lettmet. felg vinter"", ""Sentrall\u00e5s"", ""Servostyring"", ""Seter i helskinn"", ""Sommerhjul"", ""Takrails"", ""Vinterhjul""]"
332526123,Mitsubishi Colt,13777,"{""Modell\u00e5r"": ""2008"", ""Kilometer"": ""200 000 km"", ""Girkasse"": ""Manuell"", ""Drivstoff"": ""Bensin""}",[]
330636145,Citroen C1,14900,"{""Modell\u00e5r"": ""2006"", ""Kilometer"": ""182 000 km"", ""Girkasse"": ""Manuell"", ""Drivstoff"": ""Bensin""}","[""ABS-bremser"", ""Air Condition"", ""Airbag foran"", ""Antispinn"", ""Bluetooth"", ""Handsfree opplegg"", ""Lettmet. felg vinter"", ""Radio DAB+"", ""Radio FM"", ""Servostyring"", ""Startsperre"", ""Vinterhjul""]"
329962747,Volkswagen,13000,"{""Modell\u00e5r"": ""1999"", ""Drivstoff"": ""Diesel""}",[]
328749231,Toyota Yaris,11777,"{""Modell\u00e5r"": ""2004"", ""Kilometer"": ""108 000 km"", ""Girkasse"": ""Manuell"", ""Drivstoff"": ""Bensin""}","[""ABS-bremser"", ""AUX-inngang"", ""Airbag foran"", ""Antiskrens"", ""Antispinn"", ""Bagasjeromstrekk"", ""CD-spiller"", ""Diff.sperre"", ""El.vinduer"", ""Elektriske speil"", ""Kj\u00f8recomputer"", ""Metallic lakk"", ""Midtarmlene"", ""Oppvarmede seter"", ""Radio DAB+"", ""Regnsensor"", ""Sentrall\u00e5s"", ""Servostyring"", ""Sideairbager"", ""Sommerhjul"", ""Startsperre"", ""Vinterhjul""]"
327965364,Saab 9-3,12000,"{""Modell\u00e5r"": ""2004"", ""Kilometer"": ""175 000 km"", ""Girkasse"": ""Manuell"", ""Drivstoff"": ""Bensin""}","[""ABS"", ""Airbags"", ""Alufelger Vinter"", ""Antispinn"", ""EL.Speil"", ""El.Ruter"", ""Kj\u00f8recomputer"", ""Klima"", ""Midtarmlene"", ""Multiratt"", ""Oppv.Seter"", ""Sentrall\u00e5s"", ""Servo"", ""Stereo"", ""Teleskopratt"", ""Tiltratt"", ""Vinterdekk""]"
236024956,Chrysler Voyager,12000,"{""Modell\u00e5r"": ""2002"", ""Kilometer"": ""243 000 km"", ""Girkasse"": ""Automat"", ""Drivstoff"": ""Bensin""}","[""ABS-bremser"", ""Airbag foran"", ""El.vinduer"", ""Elektriske speil"", ""Hengerfeste, fast krok"", ""Kj\u00f8recomputer"", ""Lettmet. felg sommer"", ""Lettmet. felg vinter"", ""Motorvarmer"", ""Radio DAB+"", ""Radio FM"", ""Sentrall\u00e5s"", ""Servostyring"", ""Seter i helskinn"", ""Sommerhjul"", ""Takrails"", ""Vinterhjul""]"
325881927,Peugeot 407,11277,"{""Modell\u00e5r"": ""2004"", ""Kilometer"": ""310 000 km"", ""Girkasse"": ""Manuell"", ""Drivstoff"": ""Bensin""}",[]
324810711,Subaru Legacy,11777,"{""Modell\u00e5r"": ""2010"", ""Kilometer"": ""246 468 km"", ""Girkasse"": ""Manuell"", ""Drivstoff"": ""Diesel""}",[]
323734059,Opel Zafira,12000,"{""Modell\u00e5r"": ""2000"", ""Kilometer"": ""214 000 km"", ""Girkasse"": ""Manuell"", ""Drivstoff"": ""Bensin""}","[""ABS-bremser"", ""Airbag foran"", ""Airbag foran side"", ""Antispinn"", ""CD-spiller"", ""El.vinduer"", ""Elektriske speil"", ""Fjernstyrt sentrall\u00e5s"", ""Hel\u00e5rsdekk"", ""Hengerfeste"", ""Lakkerte utvendige speil"", ""Manuelt klimaanlegg"", ""Metallic lakk"", ""Multifunksjonsratt"", ""Radio FM"", ""Regulerbart ratt"", ""Sentrall\u00e5s"", ""Servostyring"", ""Seter nedfellbare bak"", ""Startsperre"", ""Turteller"", ""T\u00e5kelys"", ""Vinterdekk""]"
322623632,Nissan Serena,14999,"{""Modell\u00e5r"": ""1996"", ""Kilometer"": ""115 220 km"", ""Girkasse"": ""Manuell"", ""Drivstoff"": ""Diesel""}",[]
322623878,Toyota Corolla,11999,"{""Modell\u00e5r"": ""2000"", ""Kilometer"": ""215 098 km"", ""Girkasse"": ""Manuell"", ""Drivstoff"": ""Bensin""}",[]
321179229,Chrysler Grand Voyager,11186,"{""Modell\u00e5r"": ""2000"", ""Kilometer"": ""230 000 km"", ""Girkasse"": ""Automat"", ""Drivstoff"": ""Bensin""}","[""ABS-bremser"", ""Airbag foran"", ""El.vinduer"", ""Elektriske speil"", ""Hel\u00e5rsdekk"", ""Hengerfeste"", ""Kj\u00f8recomputer"", ""Klimaanlegg"", ""Manuelt klimaanlegg"", ""Midtarmlene"", ""Sentrall\u00e5s"", ""Servostyring"", ""Takrails""]"
317723015,Mitsubishi Grandis,14900,"{""Modell\u00e5r"": ""2006"", ""Kilometer"": ""283 000 km"", ""Girkasse"": ""Automat"", ""Drivstoff"": ""Bensin""}","[""ABS-bremser"", ""Airbag bak side"", ""Airbag foran"", ""Airbag foran side"", ""Antiskrens"", ""Antispinn"", ""Beltevarsler"", ""CD-spiller"", ""Cruisekontroll"", ""Ekstra m\u00f8rktonede vinduer bak"", ""El.vinduer"", ""Elektriske speil"", ""Fjernstyrt sentrall\u00e5s"", ""Hengerfeste"", ""Isofix"", ""Justerbare bakseter"", ""Kj\u00f8recomputer"", ""Klimaanlegg"", ""Lakkerte utvendige speil"", ""Lettmet. felg vinter"", ""Lyktespylere"", ""Metallic lakk"", ""Oppvarmede seter"", ""Radio FM"", ""Regulerbart ratt"", ""Sentrall\u00e5s"", ""Servostyring"", ""Seter nedfellbare bak"", ""Skinnratt"", ""Speil innfellbare"", ""Speil innfellbare elektriske"", ""Takrails"", ""Turteller"", ""Vinterdekk""]"
317631626,Ford S-MAX,11777,"{""Modell\u00e5r"": ""2007"", ""Kilometer"": ""263 500 km"", ""Girkasse"": ""Manuell"", ""Drivstoff"": ""Diesel""}",[]
308729745,Volkswagen Golf,14777,"{""Modell\u00e5r"": ""2005"", ""Kilometer"": ""107 683 km"", ""Girkasse"": ""Manuell"", ""Drivstoff"": ""Bensin""}","[""El.vinduer"", ""Elektriske speil"", ""Sommerhjul"", ""Vinterhjul""]"
306325555,Ford Focus,14000,"{""Modell\u00e5r"": ""2005"", ""Kilometer"": ""255 000 km"", ""Girkasse"": ""Manuell"", ""Drivstoff"": ""Bensin""}","[""ABS-bremser"", ""Airbag foran"", ""Airbag foran side"", ""Alarm"", ""CD-spiller"", ""Cruisekontroll"", ""Fjernstyrt sentrall\u00e5s"", ""Hengerfeste"", ""Klimaanlegg"", ""Lettmet. felg sommer"", ""Lyktespylere"", ""Manuelt klimaanlegg"", ""Metallic lakk"", ""Oppvarmet frontrute"", ""Radio DAB+"", ""Radio FM"", ""Ratt oppvarmet"", ""Sentrall\u00e5s"", ""Servostyring"", ""Skinnratt"", ""Sommerdekk"", ""Startsperre"", ""St\u00e5lbjelker"", ""Turteller"", ""T\u00e5kelys"", ""Vinterdekk""]"
306114914,Toyota Yaris Verso,11999,"{""Modell\u00e5r"": ""2000"", ""Kilometer"": ""124 000 km"", ""Girkasse"": ""Automat"", ""Drivstoff"": ""Bensin""}",[]
299707430,Opel Astra,15000,"{""Modell\u00e5r"": ""2006"", ""Kilometer"": ""222 000 km"", ""Girkasse"": ""Automat"", ""Drivstoff"": ""Diesel""}","[""Diesel-partikkelfilter""]"
292341169,Mitsubishi Colt,14999,"{""Modell\u00e5r"": ""2008"", ""Kilometer"": ""141 000 km"", ""Girkasse"": ""Manuell"", ""Drivstoff"": ""Bensin""}","[""ABS-bremser"", ""AUX-inngang"", ""Air Condition"", ""Airbag foran"", ""Bagasjeromstrekk"", ""CD-spiller"", ""El.vinduer"", ""Isofix"", ""Klimaanlegg"", ""Lettmet. felg sommer"", ""Lettmet. felg vinter"", ""Metallic lakk"", ""M\u00f8rke ruter bak"", ""Radio DAB+"", ""Sentrall\u00e5s"", ""Servostyring"", ""Sommerhjul"", ""Startsperre""]"
182119041,Peugeot 307,14900,"{""Modell\u00e5r"": ""2006"", ""Kilometer"": ""262 000 km"", ""Girkasse"": ""Manuell"", ""Drivstoff"": ""Diesel""}","[""ABS-bremser"", ""Airbag foran"", ""Antispinn"", ""CD-spiller"", ""El.vinduer"", ""Hengerfeste"", ""Manuelt klimaanlegg"", ""Radio FM"", ""Sentrall\u00e5s"", ""Servostyring"", ""Sommerdekk"", ""Startsperre"", ""St\u00e5lbjelker"", ""T\u00e5kelys"", ""Vinterdekk""]"
112044891,Toyota Yaris,11569,"{""Modell\u00e5r"": ""2001"", ""Kilometer"": ""118 659 km"", ""Girkasse"": ""Manuell"", ""Drivstoff"": ""Bensin""}",[]
341133137,Mercedes-Benz B-Klasse,17845,"{""Modell\u00e5r"": ""2008"", ""Kilometer"": ""269 676 km"", ""Girkasse"": ""Manuell"", ""Drivstoff"": ""Bensin""}","[""ABS-bremser"", ""Air Condition"", ""Airbag foran"", ""Elektriske speil"", ""Metallic lakk"", ""Midtarmlene"", ""Oppvarmede seter"", ""Radio FM"", ""Sentrall\u00e5s"", ""Servostyring"", ""Sommerhjul"", ""Vinterhjul""]"
341066507,Toyota Corolla,19990,"{""Modell\u00e5r"": ""1999"", ""Kilometer"": ""229 000 km"", ""Girkasse"": ""Manuell"", ""Drivstoff"": ""Bensin""}","[""ABS-bremser"", ""AUX tilkobling"", ""Airbag foran"", ""Alarm"", ""Beltevarsler"", ""CD-spiller"", ""Elektriske speil"", ""Fabrikkmontert alarm"", ""Hengerfeste"", ""Klimaanlegg"", ""Manuelt klimaanlegg"", ""Metallic lakk"", ""Midtarmlene"", ""Radio FM"", ""Regulerbart ratt"", ""Sentrall\u00e5s"", ""Servostyring"", ""Seter nedfellbare bak"", ""Skinnratt"", ""Sommerdekk"", ""Takrails"", ""Turteller"", ""USB"", ""Vinterdekk""]"
340060590,Mazda 2,19345,"{""Modell\u00e5r"": ""2007"", ""Kilometer"": ""266 000 km"", ""Girkasse"": ""Manuell"", ""Drivstoff"": ""Bensin""}","[""ABS-bremser"", ""AUX-inngang"", ""Air Condition"", ""Airbag foran"", ""El.vinduer"", ""Lettmet. felg sommer"", ""Lettmet. felg vinter"", ""Metallic lakk"", ""Sentrall\u00e5s"", ""Servostyring"", ""Sommerhjul"", ""Vinterhjul""]"
340972845,Toyota Aygo,19900,"{""Modell\u00e5r"": ""2006"", ""Kilometer"": ""85 250 km"", ""Girkasse"": ""Manuell"", ""Drivstoff"": ""Bensin""}","[""Airbag"", ""Airbag foran"", ""Elektriske vinduer"", ""Felg lettmet. sommer"", ""Felg lettmet. vinter"", ""Klimaanlegg"", ""Sommerhjul"", ""Vinterhjul (u.pigg)""]"
340897417,Subaru Justy,16845,"{""Modell\u00e5r"": ""2006"", ""Kilometer"": ""184 035 km"", ""Girkasse"": ""Manuell"", ""Drivstoff"": ""Bensin""}","[""ABS-bremser"", ""Airbag foran"", ""Antispinn"", ""Beltevarsler"", ""El.vinduer"", ""Fjernstyrt sentrall\u00e5s"", ""Hel\u00e5rsdekk"", ""Klimaanlegg"", ""Manuelt klimaanlegg"", ""Sentrall\u00e5s"", ""Servostyring"", ""Startsperre"", ""Takrails"", ""T\u00e5kelys""]"
340893279,Honda Civic,19000,"{""Modell\u00e5r"": ""2009"", ""Kilometer"": ""249 000 km"", ""Girkasse"": ""Automat"", ""Drivstoff"": ""Bensin""}",[]
340888770,Mitsubishi Colt,18000,"{""Modell\u00e5r"": ""2008"", ""Kilometer"": ""265 000 km"", ""Girkasse"": ""Automat"", ""Drivstoff"": ""Bensin""}","[""ABS-bremser"", ""AUX-inngang"", ""Air Condition"", ""Airbag foran"", ""Antispinn"", ""Bluetooth"", ""CD-spiller"", ""El.vinduer"", ""Isofix"", ""Kj\u00f8recomputer"", ""Klimaanlegg"", ""Lettmet. felg sommer"", ""Lettmet. felg vinter"", ""Metallic lakk"", ""M\u00f8rke ruter bak"", ""Oppvarmede seter"", ""Radio DAB+"", ""Radio FM"", ""Sentrall\u00e5s"", ""Servostyring"", ""Sommerhjul"", ""Vinterhjul""]"
340883353,Toyota Yaris,19074,"{""Modell\u00e5r"": ""2004"", ""Kilometer"": ""137 125 km"", ""Girkasse"": ""Automat"", ""Drivstoff"": ""Bensin""}",[]
340881913,Kia Cee'd,19845,"{""Modell\u00e5r"": ""2008"", ""Kilometer"": ""175 000 km"", ""Drivstoff"": ""Diesel""}","[""ABS-bremser"", ""AUX tilkobling"", ""Airbag bak side"", ""Airbag foran"", ""Airbag foran side"", ""Airbag gardiner"", ""Antiskrens"", ""Antispinn"", ""Avblending av speil"", ""Beltevarsler"", ""Bluetooth"", ""Diesel-partikkelfilter"", ""Ekstra m\u00f8rktonede vinduer bak"", ""El.vinduer"", ""Elektrisk soltak"", ""Farget glass"", ""Fjernstyrt sentrall\u00e5s"", ""Isofix"", ""Kj\u00f8recomputer"", ""Kurve/t\u00e5kelys"", ""Lakkerte utvendige speil"", ""Lettmet. felg sommer"", ""Lettmet. felg vinter"", ""Metallic lakk"", ""Midtarmlene"", ""Multifunksjonsratt"", ""N\u00f8dbremseforsterker"", ""Oppvarmede seter"", ""Oppvarmede speil"", ""Pollenfilter"", ""Radio FM"", ""Regulerbart ratt"", ""Servostyring"", ""Sete multifunktion"", ""Seter nedfellbare bak"", ""Skinninteri\u00f8r"", ""Skinnratt"", ""Sommerdekk"", ""Speil innfellbare"", ""Startsperre"", ""St\u00e5lbjelker"", ""Turteller"", ""T\u00e5kelys"", ""USB"", ""Vinterdekk""]"
